{
	"id" : null,
	"quotationItems" : [{
			"id" : "1",
			"name" : "Dyg36-发光镜柜(测试中)",
			"parentId" : "",
			"topId" : "",
			"obsBrandGoodId" : "3FO4LGX1JU1F",
			"productNumber" : "",
			"brandGoodCode" : "Dyg36-发光镜柜",
			"brandGoodName" : "Dyg36-发光镜柜(测试中)",
			"description" : null,
			"prodCatId" : 720,
			"size" : {
				"x" : 600.0,
				"y" : 130.0,
				"z" : 800.0
			},
			"dimensions" : "",
			"brandGoodDescription" : "",
			"customCode" : "3",
			"materialBrandGoodId" : "3FO4LRTWVP1Y",
			"materialProductNumber" : "",
			"materialBrandGoodCode" : "UV01",
			"materialName" : "公用-橡胶木清漆色",
			"materialCustomCode" : "",
			"quotationUnit" : "米",
			"quantity" : "1.0",
			"unitPrice" : "1043.0",
			"unitCost" : "0.0",
			"nonStandardCoef" : "1.0",
			"additionalFee" : "594.0",
			"price" : "1637.0",
			"quotationRate" : 1.0,
			"hided" : true,
			"billOutput" : true,
			"obsAccountId" : "3FO4K6DRN1JP",
			"roomId" : "41",
			"combId" : "",
			"absPosition" : {
				"x" : 9.054291,
				"y" : 1923.28,
				"z" : 1200.0
			},
			"absRotation" : {
				"x" : 0.0,
				"y" : 0.0,
				"z" : 0.0
			},
			"surfaceId" : 0
		}, {
			"id" : "1-1",
			"name" : "Dyg27-智能镜非标柜",
			"parentId" : "1",
			"topId" : "1",
			"obsBrandGoodId" : "3FO4L676DXBB",
			"productNumber" : "WZ001",
			"brandGoodCode" : "Dyg27-智能镜非标柜",
			"brandGoodName" : "Dyg27-智能镜非标柜(测试中)",
			"description" : null,
			"prodCatId" : 720,
			"size" : {
				"x" : 600.0,
				"y" : 130.0,
				"z" : 800.0
			},
			"dimensions" : "WZ001",
			"brandGoodDescription" : "",
			"customCode" : "4",
			"materialBrandGoodId" : "3FO4LRUBKSK9",
			"materialProductNumber" : "",
			"materialBrandGoodCode" : "MQB04",
			"materialName" : "爱伽-JZX16124白橡",
			"materialCustomCode" : "",
			"quotationUnit" : "个",
			"quantity" : "1.0",
			"unitPrice" : "0.0",
			"unitCost" : "0.0",
			"nonStandardCoef" : "1.0",
			"additionalFee" : "0.0",
			"price" : "0.0",
			"quotationRate" : 1.0,
			"hided" : false,
			"billOutput" : true,
			"obsAccountId" : "3FO4K6DRN1JP",
			"roomId" : "41",
			"combId" : "",
			"absPosition" : {
				"x" : 9.054291,
				"y" : 1923.28,
				"z" : 1200.0
			},
			"absRotation" : {
				"x" : 0.0,
				"y" : -0.0,
				"z" : 0.0
			},
			"surfaceId" : 0
		}, {
			"id" : "1-1-1",
			"name" : "顶板",
			"parentId" : "1-1",
			"topId" : "1",
			"obsBrandGoodId" : "3FO4LPTNQMIS",
			"productNumber" : "",
			"brandGoodCode" : "",
			"brandGoodName" : "横纹横板",
			"description" : null,
			"prodCatId" : 713,
			"size" : {
				"x" : 564.0,
				"y" : 83.0,
				"z" : 18.0
			},
			"dimensions" : "",
			"brandGoodDescription" : "",
			"customCode" : "",
			"materialBrandGoodId" : "3FO4LRUBKSK9",
			"materialProductNumber" : "",
			"materialBrandGoodCode" : "MQB04",
			"materialName" : "爱伽-JZX16124白橡",
			"materialCustomCode" : "",
			"quotationUnit" : "个",
			"quantity" : "0.05",
			"unitPrice" : "0.0",
			"unitCost" : "0.0",
			"nonStandardCoef" : "1.0",
			"additionalFee" : "0.0",
			"price" : "0.0",
			"quotationRate" : 1.0,
			"hided" : false,
			"billOutput" : true,
			"obsAccountId" : "3FO4K6DRN1JP",
			"roomId" : "41",
			"combId" : "",
			"absPosition" : {
				"x" : 27.05429,
				"y" : 1876.28,
				"z" : 1982.0
			},
			"absRotation" : {
				"x" : 0.0,
				"y" : -0.0,
				"z" : 0.0
			},
			"surfaceId" : 0
		}, {
			"id" : "1-1-2",
			"name" : "上层板",
			"parentId" : "1-1",
			"topId" : "1",
			"obsBrandGoodId" : "3FO4LPTNQMIS",
			"productNumber" : "",
			"brandGoodCode" : "",
			"brandGoodName" : "横纹横板",
			"description" : null,
			"prodCatId" : 713,
			"size" : {
				"x" : 564.0,
				"y" : 65.0,
				"z" : 18.0
			},
			"dimensions" : "",
			"brandGoodDescription" : "",
			"customCode" : "",
			"materialBrandGoodId" : "3FO4LRUBKSK9",
			"materialProductNumber" : "",
			"materialBrandGoodCode" : "MQB04",
			"materialName" : "爱伽-JZX16124白橡",
			"materialCustomCode" : "",
			"quotationUnit" : "个",
			"quantity" : "0.04",
			"unitPrice" : "0.0",
			"unitCost" : "0.0",
			"nonStandardCoef" : "1.0",
			"additionalFee" : "0.0",
			"price" : "0.0",
			"quotationRate" : 1.0,
			"hided" : false,
			"billOutput" : true,
			"obsAccountId" : "3FO4K6DRN1JP",
			"roomId" : "41",
			"combId" : "",
			"absPosition" : {
				"x" : 27.05429,
				"y" : 1923.28,
				"z" : 1899.0
			},
			"absRotation" : {
				"x" : 0.0,
				"y" : -0.0,
				"z" : 0.0
			},
			"surfaceId" : 0
		}, {
			"id" : "1-1-3",
			"name" : "挡板",
			"parentId" : "1-1",
			"topId" : "1",
			"obsBrandGoodId" : "3FO4LPTNQMIS",
			"productNumber" : "",
			"brandGoodCode" : "",
			"brandGoodName" : "横纹横板",
			"description" : null,
			"prodCatId" : 713,
			"size" : {
				"x" : 564.0,
				"y" : 65.0,
				"z" : 18.0
			},
			"dimensions" : "",
			"brandGoodDescription" : "",
			"customCode" : "",
			"materialBrandGoodId" : "3FO4LRUBKSK9",
			"materialProductNumber" : "",
			"materialBrandGoodCode" : "MQB04",
			"materialName" : "爱伽-JZX16124白橡",
			"materialCustomCode" : "",
			"quotationUnit" : "个",
			"quantity" : "0.04",
			"unitPrice" : "0.0",
			"unitCost" : "0.0",
			"nonStandardCoef" : "1.0",
			"additionalFee" : "0.0",
			"price" : "0.0",
			"quotationRate" : 1.0,
			"hided" : false,
			"billOutput" : true,
			"obsAccountId" : "3FO4K6DRN1JP",
			"roomId" : "41",
			"combId" : "",
			"absPosition" : {
				"x" : 27.05429,
				"y" : 1876.28,
				"z" : 1982.0
			},
			"absRotation" : {
				"x" : 1.5707964,
				"y" : -0.0,
				"z" : 0.0
			},
			"surfaceId" : 0
		}, {
			"id" : "1-1-4",
			"name" : "底板",
			"parentId" : "1-1",
			"topId" : "1",
			"obsBrandGoodId" : "3FO4LPTNQMIS",
			"productNumber" : "",
			"brandGoodCode" : "",
			"brandGoodName" : "横纹横板",
			"description" : null,
			"prodCatId" : 713,
			"size" : {
				"x" : 564.0,
				"y" : 130.0,
				"z" : 18.0
			},
			"dimensions" : "",
			"brandGoodDescription" : "",
			"customCode" : "",
			"materialBrandGoodId" : "3FO4LRUBKSK9",
			"materialProductNumber" : "",
			"materialBrandGoodCode" : "MQB04",
			"materialName" : "爱伽-JZX16124白橡",
			"materialCustomCode" : "",
			"quotationUnit" : "个",
			"quantity" : "0.07",
			"unitPrice" : "0.0",
			"unitCost" : "0.0",
			"nonStandardCoef" : "1.0",
			"additionalFee" : "0.0",
			"price" : "0.0",
			"quotationRate" : 1.0,
			"hided" : false,
			"billOutput" : true,
			"obsAccountId" : "3FO4K6DRN1JP",
			"roomId" : "41",
			"combId" : "",
			"absPosition" : {
				"x" : 27.05429,
				"y" : 1923.28,
				"z" : 1200.0
			},
			"absRotation" : {
				"x" : 0.0,
				"y" : -0.0,
				"z" : 0.0
			},
			"surfaceId" : 0
		}, {
			"id" : "1-1-5",
			"name" : "层板",
			"parentId" : "1-1",
			"topId" : "1",
			"obsBrandGoodId" : "3FO4LPTNQMIS",
			"productNumber" : "",
			"brandGoodCode" : "",
			"brandGoodName" : "横纹横板",
			"description" : null,
			"prodCatId" : 713,
			"size" : {
				"x" : 564.0,
				"y" : 108.0,
				"z" : 18.0
			},
			"dimensions" : "",
			"brandGoodDescription" : "",
			"customCode" : "",
			"materialBrandGoodId" : "3FO4LRUBKSK9",
			"materialProductNumber" : "",
			"materialBrandGoodCode" : "MQB04",
			"materialName" : "爱伽-JZX16124白橡",
			"materialCustomCode" : "",
			"quotationUnit" : "个",
			"quantity" : "0.06",
			"unitPrice" : "0.0",
			"unitCost" : "0.0",
			"nonStandardCoef" : "1.0",
			"additionalFee" : "0.0",
			"price" : "0.0",
			"quotationRate" : 1.0,
			"hided" : false,
			"billOutput" : true,
			"obsAccountId" : "3FO4K6DRN1JP",
			"roomId" : "41",
			"combId" : "",
			"absPosition" : {
				"x" : 27.05429,
				"y" : 1903.28,
				"z" : 1460.6666
			},
			"absRotation" : {
				"x" : 0.0,
				"y" : -0.0,
				"z" : 0.0
			},
			"surfaceId" : 0
		}, {
			"id" : "1-1-6",
			"name" : "层板",
			"parentId" : "1-1",
			"topId" : "1",
			"obsBrandGoodId" : "3FO4LPTNQMIS",
			"productNumber" : "",
			"brandGoodCode" : "",
			"brandGoodName" : "横纹横板",
			"description" : null,
			"prodCatId" : 713,
			"size" : {
				"x" : 564.0,
				"y" : 108.0,
				"z" : 18.0
			},
			"dimensions" : "",
			"brandGoodDescription" : "",
			"customCode" : "",
			"materialBrandGoodId" : "3FO4LRUBKSK9",
			"materialProductNumber" : "",
			"materialBrandGoodCode" : "MQB04",
			"materialName" : "爱伽-JZX16124白橡",
			"materialCustomCode" : "",
			"quotationUnit" : "个",
			"quantity" : "0.06",
			"unitPrice" : "0.0",
			"unitCost" : "0.0",
			"nonStandardCoef" : "1.0",
			"additionalFee" : "0.0",
			"price" : "0.0",
			"quotationRate" : 1.0,
			"hided" : false,
			"billOutput" : true,
			"obsAccountId" : "3FO4K6DRN1JP",
			"roomId" : "41",
			"combId" : "",
			"absPosition" : {
				"x" : 27.05429,
				"y" : 1903.28,
				"z" : 1721.3333
			},
			"absRotation" : {
				"x" : 0.0,
				"y" : -0.0,
				"z" : 0.0
			},
			"surfaceId" : 0
		}, {
			"id" : "1-1-7",
			"name" : "背板",
			"parentId" : "1-1",
			"topId" : "1",
			"obsBrandGoodId" : "3FO4LPRVEN18",
			"productNumber" : "",
			"brandGoodCode" : "竖纹立板",
			"brandGoodName" : "竖纹立板",
			"description" : null,
			"prodCatId" : 713,
			"size" : {
				"x" : 681.0,
				"y" : 564.0,
				"z" : 18.0
			},
			"dimensions" : "",
			"brandGoodDescription" : "",
			"customCode" : "",
			"materialBrandGoodId" : "3FO4LRUBKSK9",
			"materialProductNumber" : "",
			"materialBrandGoodCode" : "MQB04",
			"materialName" : "爱伽-JZX16124白橡",
			"materialCustomCode" : "",
			"quotationUnit" : "个",
			"quantity" : "0.38",
			"unitPrice" : "0.0",
			"unitCost" : "0.0",
			"nonStandardCoef" : "1.0",
			"additionalFee" : "0.0",
			"price" : "0.0",
			"quotationRate" : 1.0,
			"hided" : false,
			"billOutput" : true,
			"obsAccountId" : "3FO4K6DRN1JP",
			"roomId" : "41",
			"combId" : "",
			"absPosition" : {
				"x" : 27.05429,
				"y" : 1921.28,
				"z" : 1218.0
			},
			"absRotation" : {
				"x" : 0.0,
				"y" : -0.0,
				"z" : 0.0
			},
			"surfaceId" : 0
		}, {
			"id" : "1-1-8",
			"name" : "左侧板",
			"parentId" : "1-1",
			"topId" : "1",
			"obsBrandGoodId" : "3FO4LPTPX2GN",
			"productNumber" : "",
			"brandGoodCode" : "竖纹竖板",
			"brandGoodName" : "竖纹竖板",
			"description" : null,
			"prodCatId" : 713,
			"size" : {
				"x" : 800.0,
				"y" : 130.0,
				"z" : 18.0
			},
			"dimensions" : "",
			"brandGoodDescription" : "",
			"customCode" : "",
			"materialBrandGoodId" : "3FO4LRUBKSK9",
			"materialProductNumber" : "",
			"materialBrandGoodCode" : "MQB04",
			"materialName" : "爱伽-JZX16124白橡",
			"materialCustomCode" : "",
			"quotationUnit" : "个",
			"quantity" : "0.1",
			"unitPrice" : "0.0",
			"unitCost" : "0.0",
			"nonStandardCoef" : "1.0",
			"additionalFee" : "0.0",
			"price" : "0.0",
			"quotationRate" : 1.0,
			"hided" : false,
			"billOutput" : true,
			"obsAccountId" : "3FO4K6DRN1JP",
			"roomId" : "41",
			"combId" : "",
			"absPosition" : {
				"x" : 9.054291,
				"y" : 1923.28,
				"z" : 1200.0
			},
			"absRotation" : {
				"x" : 0.0,
				"y" : -0.0,
				"z" : 0.0
			},
			"surfaceId" : 0
		}, {
			"id" : "1-1-9",
			"name" : "右侧板",
			"parentId" : "1-1",
			"topId" : "1",
			"obsBrandGoodId" : "3FO4LPTPX2GN",
			"productNumber" : "",
			"brandGoodCode" : "竖纹竖板",
			"brandGoodName" : "竖纹竖板",
			"description" : null,
			"prodCatId" : 713,
			"size" : {
				"x" : 800.0,
				"y" : 130.0,
				"z" : 18.0
			},
			"dimensions" : "",
			"brandGoodDescription" : "",
			"customCode" : "",
			"materialBrandGoodId" : "3FO4LRUBKSK9",
			"materialProductNumber" : "",
			"materialBrandGoodCode" : "MQB04",
			"materialName" : "爱伽-JZX16124白橡",
			"materialCustomCode" : "",
			"quotationUnit" : "个",
			"quantity" : "0.1",
			"unitPrice" : "0.0",
			"unitCost" : "0.0",
			"nonStandardCoef" : "1.0",
			"additionalFee" : "0.0",
			"price" : "0.0",
			"quotationRate" : 1.0,
			"hided" : false,
			"billOutput" : true,
			"obsAccountId" : "3FO4K6DRN1JP",
			"roomId" : "41",
			"combId" : "",
			"absPosition" : {
				"x" : 591.0543,
				"y" : 1923.28,
				"z" : 1200.0
			},
			"absRotation" : {
				"x" : 0.0,
				"y" : -0.0,
				"z" : 0.0
			},
			"surfaceId" : 0
		}, {
			"id" : "1-2",
			"name" : "智能镜门",
			"parentId" : "1",
			"topId" : "1",
			"obsBrandGoodId" : "3FO4LGX1AHCM",
			"productNumber" : "",
			"brandGoodCode" : "发光镜",
			"brandGoodName" : "发光镜",
			"description" : null,
			"prodCatId" : 498,
			"size" : {
				"x" : 600.0,
				"y" : 800.0,
				"z" : 21.0
			},
			"dimensions" : "",
			"brandGoodDescription" : "",
			"customCode" : null,
			"materialBrandGoodId" : "3FO4LRTWVP1Y",
			"materialProductNumber" : "",
			"materialBrandGoodCode" : "UV01",
			"materialName" : "公用-橡胶木清漆色",
			"materialCustomCode" : "",
			"quotationUnit" : "平米",
			"quantity" : "0.0126",
			"unitPrice" : "2190.0",
			"unitCost" : "0.0",
			"nonStandardCoef" : "1.0",
			"additionalFee" : "0.0",
			"price" : "27.594",
			"quotationRate" : 1.0,
			"hided" : true,
			"billOutput" : true,
			"obsAccountId" : "3FO4K6DRN1JP",
			"roomId" : "41",
			"combId" : "",
			"absPosition" : {
				"x" : 9.054291,
				"y" : 1793.28,
				"z" : 1200.0
			},
			"absRotation" : {
				"x" : 0.0,
				"y" : -0.0,
				"z" : 0.0
			},
			"surfaceId" : 0
		}, {
			"id" : "1-2-1",
			"name" : "背板",
			"parentId" : "1-2",
			"topId" : "1",
			"obsBrandGoodId" : "3FO4LPRVEN18",
			"productNumber" : "",
			"brandGoodCode" : "竖纹立板",
			"brandGoodName" : "竖纹立板",
			"description" : null,
			"prodCatId" : 713,
			"size" : {
				"x" : 800.0,
				"y" : 600.0,
				"z" : 18.0
			},
			"dimensions" : "",
			"brandGoodDescription" : "",
			"customCode" : "",
			"materialBrandGoodId" : "3FO4LRUBKSK9",
			"materialProductNumber" : "",
			"materialBrandGoodCode" : "MQB04",
			"materialName" : "爱伽-JZX16124白橡",
			"materialCustomCode" : "",
			"quotationUnit" : "平米",
			"quantity" : "0.48",
			"unitPrice" : "965.0",
			"unitCost" : "0.0",
			"nonStandardCoef" : "1.0",
			"additionalFee" : "0.0",
			"price" : "463.2",
			"quotationRate" : 1.0,
			"hided" : true,
			"billOutput" : true,
			"obsAccountId" : "3FO4K6DRN1JP",
			"roomId" : "41",
			"combId" : "",
			"absPosition" : {
				"x" : 9.054291,
				"y" : 1793.28,
				"z" : 1200.0
			},
			"absRotation" : {
				"x" : 0.0,
				"y" : -0.0,
				"z" : 0.0
			},
			"surfaceId" : 0
		}, {
			"id" : "1-2-1",
			"name" : "DTC缓冲门绞",
			"parentId" : "1-2",
			"topId" : "1",
			"obsBrandGoodId" : "3FO4LNS9NIOI",
			"productNumber" : "",
			"brandGoodCode" : "",
			"brandGoodName" : "DTC缓冲门绞",
			"description" : null,
			"prodCatId" : 988,
			"size" : {
				"x" : 0.0,
				"y" : 0.0,
				"z" : 0.0
			},
			"dimensions" : "",
			"brandGoodDescription" : "",
			"customCode" : "",
			"materialBrandGoodId" : null,
			"materialProductNumber" : null,
			"materialBrandGoodCode" : null,
			"materialName" : null,
			"materialCustomCode" : null,
			"quotationUnit" : "个",
			"quantity" : "2.0",
			"unitPrice" : "24.0",
			"unitCost" : "0.0",
			"nonStandardCoef" : "1.0",
			"additionalFee" : "0.0",
			"price" : "48.0",
			"quotationRate" : 1.0,
			"hided" : true,
			"billOutput" : true,
			"obsAccountId" : "3FO4K6DRN1JP",
			"roomId" : "41",
			"combId" : "",
			"absPosition" : {
				"x" : 9.054291,
				"y" : 1793.28,
				"z" : 1200.0
			},
			"absRotation" : {
				"x" : 0.0,
				"y" : -0.0,
				"z" : 0.0
			},
			"surfaceId" : 0
		}, {
			"id" : "1-2-2",
			"name" : "发光防雾",
			"parentId" : "1-2",
			"topId" : "1",
			"obsBrandGoodId" : "3FO4L5TVQRF4",
			"productNumber" : "",
			"brandGoodCode" : null,
			"brandGoodName" : "发光",
			"description" : null,
			"prodCatId" : 2000,
			"size" : {
				"x" : 598.0,
				"y" : 6.28052,
				"z" : 798.0
			},
			"dimensions" : "",
			"brandGoodDescription" : null,
			"customCode" : null,
			"materialBrandGoodId" : null,
			"materialProductNumber" : null,
			"materialBrandGoodCode" : null,
			"materialName" : null,
			"materialCustomCode" : null,
			"quotationUnit" : "个",
			"quantity" : "1.0",
			"unitPrice" : "0.0",
			"unitCost" : "0.0",
			"nonStandardCoef" : "1.0",
			"additionalFee" : "0.0",
			"price" : "0.0",
			"quotationRate" : 1.0,
			"hided" : false,
			"billOutput" : true,
			"obsAccountId" : "3FO4K6DRN1JP",
			"roomId" : "41",
			"combId" : "",
			"absPosition" : {
				"x" : 10.054291,
				"y" : 1775.28,
				"z" : 1201.0
			},
			"absRotation" : {
				"x" : 0.0,
				"y" : -0.0,
				"z" : 0.0
			},
			"surfaceId" : 0
		}, {
			"id" : "2",
			"name" : "Dyg27-智能镜非标柜(测试中)",
			"parentId" : "",
			"topId" : "",
			"obsBrandGoodId" : "3FO4L676DXBB",
			"productNumber" : "WZ001",
			"brandGoodCode" : "Dyg27-智能镜非标柜",
			"brandGoodName" : "Dyg27-智能镜非标柜(测试中)",
			"description" : null,
			"prodCatId" : 720,
			"size" : {
				"x" : 600.0,
				"y" : 130.0,
				"z" : 800.0
			},
			"dimensions" : "WZ001",
			"brandGoodDescription" : "",
			"customCode" : "4",
			"materialBrandGoodId" : "3FO4LRUBKSK9",
			"materialProductNumber" : "",
			"materialBrandGoodCode" : "MQB04",
			"materialName" : "爱伽-JZX16124白橡",
			"materialCustomCode" : "",
			"quotationUnit" : "米",
			"quantity" : "1.0",
			"unitPrice" : "518.0",
			"unitCost" : "0.0",
			"nonStandardCoef" : "1.0",
			"additionalFee" : "354.0",
			"price" : "872.0",
			"quotationRate" : 1.0,
			"hided" : true,
			"billOutput" : true,
			"obsAccountId" : "3FO4K6DRN1JP",
			"roomId" : "41",
			"combId" : "",
			"absPosition" : {
				"x" : -2754.78,
				"y" : 1923.28,
				"z" : 1200.0
			},
			"absRotation" : {
				"x" : 0.0,
				"y" : 0.0,
				"z" : 0.0
			},
			"surfaceId" : 0
		}, {
			"id" : "2-1",
			"name" : "顶板",
			"parentId" : "2",
			"topId" : "2",
			"obsBrandGoodId" : "3FO4LPTNQMIS",
			"productNumber" : "",
			"brandGoodCode" : "",
			"brandGoodName" : "横纹横板",
			"description" : null,
			"prodCatId" : 713,
			"size" : {
				"x" : 564.0,
				"y" : 83.0,
				"z" : 18.0
			},
			"dimensions" : "",
			"brandGoodDescription" : "",
			"customCode" : "",
			"materialBrandGoodId" : "3FO4LRUBKSK9",
			"materialProductNumber" : "",
			"materialBrandGoodCode" : "MQB04",
			"materialName" : "爱伽-JZX16124白橡",
			"materialCustomCode" : "",
			"quotationUnit" : "个",
			"quantity" : "0.05",
			"unitPrice" : "0.0",
			"unitCost" : "0.0",
			"nonStandardCoef" : "1.0",
			"additionalFee" : "0.0",
			"price" : "0.0",
			"quotationRate" : 1.0,
			"hided" : false,
			"billOutput" : true,
			"obsAccountId" : "3FO4K6DRN1JP",
			"roomId" : "41",
			"combId" : "",
			"absPosition" : {
				"x" : -2736.78,
				"y" : 1876.28,
				"z" : 1982.0
			},
			"absRotation" : {
				"x" : 0.0,
				"y" : -0.0,
				"z" : 0.0
			},
			"surfaceId" : 0
		}, {
			"id" : "2-2",
			"name" : "上层板",
			"parentId" : "2",
			"topId" : "2",
			"obsBrandGoodId" : "3FO4LPTNQMIS",
			"productNumber" : "",
			"brandGoodCode" : "",
			"brandGoodName" : "横纹横板",
			"description" : null,
			"prodCatId" : 713,
			"size" : {
				"x" : 564.0,
				"y" : 65.0,
				"z" : 18.0
			},
			"dimensions" : "",
			"brandGoodDescription" : "",
			"customCode" : "",
			"materialBrandGoodId" : "3FO4LRUBKSK9",
			"materialProductNumber" : "",
			"materialBrandGoodCode" : "MQB04",
			"materialName" : "爱伽-JZX16124白橡",
			"materialCustomCode" : "",
			"quotationUnit" : "个",
			"quantity" : "0.04",
			"unitPrice" : "0.0",
			"unitCost" : "0.0",
			"nonStandardCoef" : "1.0",
			"additionalFee" : "0.0",
			"price" : "0.0",
			"quotationRate" : 1.0,
			"hided" : false,
			"billOutput" : true,
			"obsAccountId" : "3FO4K6DRN1JP",
			"roomId" : "41",
			"combId" : "",
			"absPosition" : {
				"x" : -2736.78,
				"y" : 1923.28,
				"z" : 1899.0
			},
			"absRotation" : {
				"x" : 0.0,
				"y" : -0.0,
				"z" : 0.0
			},
			"surfaceId" : 0
		}, {
			"id" : "2-3",
			"name" : "挡板",
			"parentId" : "2",
			"topId" : "2",
			"obsBrandGoodId" : "3FO4LPTNQMIS",
			"productNumber" : "",
			"brandGoodCode" : "",
			"brandGoodName" : "横纹横板",
			"description" : null,
			"prodCatId" : 713,
			"size" : {
				"x" : 564.0,
				"y" : 65.0,
				"z" : 18.0
			},
			"dimensions" : "",
			"brandGoodDescription" : "",
			"customCode" : "",
			"materialBrandGoodId" : "3FO4LRUBKSK9",
			"materialProductNumber" : "",
			"materialBrandGoodCode" : "MQB04",
			"materialName" : "爱伽-JZX16124白橡",
			"materialCustomCode" : "",
			"quotationUnit" : "个",
			"quantity" : "0.04",
			"unitPrice" : "0.0",
			"unitCost" : "0.0",
			"nonStandardCoef" : "1.0",
			"additionalFee" : "0.0",
			"price" : "0.0",
			"quotationRate" : 1.0,
			"hided" : false,
			"billOutput" : true,
			"obsAccountId" : "3FO4K6DRN1JP",
			"roomId" : "41",
			"combId" : "",
			"absPosition" : {
				"x" : -2736.78,
				"y" : 1876.28,
				"z" : 1982.0
			},
			"absRotation" : {
				"x" : 1.5707964,
				"y" : -0.0,
				"z" : 0.0
			},
			"surfaceId" : 0
		}, {
			"id" : "2-4",
			"name" : "底板",
			"parentId" : "2",
			"topId" : "2",
			"obsBrandGoodId" : "3FO4LPTNQMIS",
			"productNumber" : "",
			"brandGoodCode" : "",
			"brandGoodName" : "横纹横板",
			"description" : null,
			"prodCatId" : 713,
			"size" : {
				"x" : 564.0,
				"y" : 130.0,
				"z" : 18.0
			},
			"dimensions" : "",
			"brandGoodDescription" : "",
			"customCode" : "",
			"materialBrandGoodId" : "3FO4LRUBKSK9",
			"materialProductNumber" : "",
			"materialBrandGoodCode" : "MQB04",
			"materialName" : "爱伽-JZX16124白橡",
			"materialCustomCode" : "",
			"quotationUnit" : "个",
			"quantity" : "0.07",
			"unitPrice" : "0.0",
			"unitCost" : "0.0",
			"nonStandardCoef" : "1.0",
			"additionalFee" : "0.0",
			"price" : "0.0",
			"quotationRate" : 1.0,
			"hided" : false,
			"billOutput" : true,
			"obsAccountId" : "3FO4K6DRN1JP",
			"roomId" : "41",
			"combId" : "",
			"absPosition" : {
				"x" : -2736.78,
				"y" : 1923.28,
				"z" : 1200.0
			},
			"absRotation" : {
				"x" : 0.0,
				"y" : -0.0,
				"z" : 0.0
			},
			"surfaceId" : 0
		}, {
			"id" : "2-5",
			"name" : "层板",
			"parentId" : "2",
			"topId" : "2",
			"obsBrandGoodId" : "3FO4LPTNQMIS",
			"productNumber" : "",
			"brandGoodCode" : "",
			"brandGoodName" : "横纹横板",
			"description" : null,
			"prodCatId" : 713,
			"size" : {
				"x" : 564.0,
				"y" : 108.0,
				"z" : 18.0
			},
			"dimensions" : "",
			"brandGoodDescription" : "",
			"customCode" : "",
			"materialBrandGoodId" : "3FO4LRUBKSK9",
			"materialProductNumber" : "",
			"materialBrandGoodCode" : "MQB04",
			"materialName" : "爱伽-JZX16124白橡",
			"materialCustomCode" : "",
			"quotationUnit" : "个",
			"quantity" : "0.06",
			"unitPrice" : "0.0",
			"unitCost" : "0.0",
			"nonStandardCoef" : "1.0",
			"additionalFee" : "0.0",
			"price" : "0.0",
			"quotationRate" : 1.0,
			"hided" : false,
			"billOutput" : true,
			"obsAccountId" : "3FO4K6DRN1JP",
			"roomId" : "41",
			"combId" : "",
			"absPosition" : {
				"x" : -2736.78,
				"y" : 1903.28,
				"z" : 1460.6666
			},
			"absRotation" : {
				"x" : 0.0,
				"y" : -0.0,
				"z" : 0.0
			},
			"surfaceId" : 0
		}, {
			"id" : "2-6",
			"name" : "层板",
			"parentId" : "2",
			"topId" : "2",
			"obsBrandGoodId" : "3FO4LPTNQMIS",
			"productNumber" : "",
			"brandGoodCode" : "",
			"brandGoodName" : "横纹横板",
			"description" : null,
			"prodCatId" : 713,
			"size" : {
				"x" : 564.0,
				"y" : 108.0,
				"z" : 18.0
			},
			"dimensions" : "",
			"brandGoodDescription" : "",
			"customCode" : "",
			"materialBrandGoodId" : "3FO4LRUBKSK9",
			"materialProductNumber" : "",
			"materialBrandGoodCode" : "MQB04",
			"materialName" : "爱伽-JZX16124白橡",
			"materialCustomCode" : "",
			"quotationUnit" : "个",
			"quantity" : "0.06",
			"unitPrice" : "0.0",
			"unitCost" : "0.0",
			"nonStandardCoef" : "1.0",
			"additionalFee" : "0.0",
			"price" : "0.0",
			"quotationRate" : 1.0,
			"hided" : false,
			"billOutput" : true,
			"obsAccountId" : "3FO4K6DRN1JP",
			"roomId" : "41",
			"combId" : "",
			"absPosition" : {
				"x" : -2736.78,
				"y" : 1903.28,
				"z" : 1721.3333
			},
			"absRotation" : {
				"x" : 0.0,
				"y" : -0.0,
				"z" : 0.0
			},
			"surfaceId" : 0
		}, {
			"id" : "2-7",
			"name" : "背板",
			"parentId" : "2",
			"topId" : "2",
			"obsBrandGoodId" : "3FO4LPRVEN18",
			"productNumber" : "",
			"brandGoodCode" : "竖纹立板",
			"brandGoodName" : "竖纹立板",
			"description" : null,
			"prodCatId" : 713,
			"size" : {
				"x" : 681.0,
				"y" : 564.0,
				"z" : 18.0
			},
			"dimensions" : "",
			"brandGoodDescription" : "",
			"customCode" : "",
			"materialBrandGoodId" : "3FO4LRUBKSK9",
			"materialProductNumber" : "",
			"materialBrandGoodCode" : "MQB04",
			"materialName" : "爱伽-JZX16124白橡",
			"materialCustomCode" : "",
			"quotationUnit" : "个",
			"quantity" : "0.38",
			"unitPrice" : "0.0",
			"unitCost" : "0.0",
			"nonStandardCoef" : "1.0",
			"additionalFee" : "0.0",
			"price" : "0.0",
			"quotationRate" : 1.0,
			"hided" : false,
			"billOutput" : true,
			"obsAccountId" : "3FO4K6DRN1JP",
			"roomId" : "41",
			"combId" : "",
			"absPosition" : {
				"x" : -2736.78,
				"y" : 1921.28,
				"z" : 1218.0
			},
			"absRotation" : {
				"x" : 0.0,
				"y" : -0.0,
				"z" : 0.0
			},
			"surfaceId" : 0
		}, {
			"id" : "2-8",
			"name" : "左侧板",
			"parentId" : "2",
			"topId" : "2",
			"obsBrandGoodId" : "3FO4LPTPX2GN",
			"productNumber" : "",
			"brandGoodCode" : "竖纹竖板",
			"brandGoodName" : "竖纹竖板",
			"description" : null,
			"prodCatId" : 713,
			"size" : {
				"x" : 800.0,
				"y" : 130.0,
				"z" : 18.0
			},
			"dimensions" : "",
			"brandGoodDescription" : "",
			"customCode" : "",
			"materialBrandGoodId" : "3FO4LRUBKSK9",
			"materialProductNumber" : "",
			"materialBrandGoodCode" : "MQB04",
			"materialName" : "爱伽-JZX16124白橡",
			"materialCustomCode" : "",
			"quotationUnit" : "个",
			"quantity" : "0.1",
			"unitPrice" : "0.0",
			"unitCost" : "0.0",
			"nonStandardCoef" : "1.0",
			"additionalFee" : "0.0",
			"price" : "0.0",
			"quotationRate" : 1.0,
			"hided" : false,
			"billOutput" : true,
			"obsAccountId" : "3FO4K6DRN1JP",
			"roomId" : "41",
			"combId" : "",
			"absPosition" : {
				"x" : -2754.78,
				"y" : 1923.28,
				"z" : 1200.0
			},
			"absRotation" : {
				"x" : 0.0,
				"y" : -0.0,
				"z" : 0.0
			},
			"surfaceId" : 0
		}, {
			"id" : "2-9",
			"name" : "右侧板",
			"parentId" : "2",
			"topId" : "2",
			"obsBrandGoodId" : "3FO4LPTPX2GN",
			"productNumber" : "",
			"brandGoodCode" : "竖纹竖板",
			"brandGoodName" : "竖纹竖板",
			"description" : null,
			"prodCatId" : 713,
			"size" : {
				"x" : 800.0,
				"y" : 130.0,
				"z" : 18.0
			},
			"dimensions" : "",
			"brandGoodDescription" : "",
			"customCode" : "",
			"materialBrandGoodId" : "3FO4LRUBKSK9",
			"materialProductNumber" : "",
			"materialBrandGoodCode" : "MQB04",
			"materialName" : "爱伽-JZX16124白橡",
			"materialCustomCode" : "",
			"quotationUnit" : "个",
			"quantity" : "0.1",
			"unitPrice" : "0.0",
			"unitCost" : "0.0",
			"nonStandardCoef" : "1.0",
			"additionalFee" : "0.0",
			"price" : "0.0",
			"quotationRate" : 1.0,
			"hided" : false,
			"billOutput" : true,
			"obsAccountId" : "3FO4K6DRN1JP",
			"roomId" : "41",
			"combId" : "",
			"absPosition" : {
				"x" : -2172.78,
				"y" : 1923.28,
				"z" : 1200.0
			},
			"absRotation" : {
				"x" : 0.0,
				"y" : -0.0,
				"z" : 0.0
			},
			"surfaceId" : 0
		}, {
			"id" : "3",
			"name" : "Dyg36-防雾镜门柜(测试中)",
			"parentId" : "",
			"topId" : "",
			"obsBrandGoodId" : "3FO4L62B34SL",
			"productNumber" : "",
			"brandGoodCode" : "Dyg36-防雾镜门柜",
			"brandGoodName" : "Dyg36-防雾镜门柜(测试中)",
			"description" : null,
			"prodCatId" : 720,
			"size" : {
				"x" : 600.0,
				"y" : 130.0,
				"z" : 800.0
			},
			"dimensions" : "",
			"brandGoodDescription" : "",
			"customCode" : "1",
			"materialBrandGoodId" : "3FO4LRTWVP1Y",
			"materialProductNumber" : "",
			"materialBrandGoodCode" : "UV01",
			"materialName" : "公用-橡胶木清漆色",
			"materialCustomCode" : "",
			"quotationUnit" : "个",
			"quantity" : "1.0",
			"unitPrice" : "0.0",
			"unitCost" : "0.0",
			"nonStandardCoef" : "1.0",
			"additionalFee" : "0.0",
			"price" : "0.0",
			"quotationRate" : 1.0,
			"hided" : true,
			"billOutput" : true,
			"obsAccountId" : "3FO4K6DRN1JP",
			"roomId" : "41",
			"combId" : "",
			"absPosition" : {
				"x" : -983.4761,
				"y" : 1923.28,
				"z" : 1200.0
			},
			"absRotation" : {
				"x" : 0.0,
				"y" : 0.0,
				"z" : 0.0
			},
			"surfaceId" : 0
		}, {
			"id" : "3-1",
			"name" : "Dyg27-智能镜非标柜",
			"parentId" : "3",
			"topId" : "3",
			"obsBrandGoodId" : "3FO4L676DXBB",
			"productNumber" : "WZ001",
			"brandGoodCode" : "Dyg27-智能镜非标柜",
			"brandGoodName" : "Dyg27-智能镜非标柜(测试中)",
			"description" : null,
			"prodCatId" : 720,
			"size" : {
				"x" : 600.0,
				"y" : 130.0,
				"z" : 800.0
			},
			"dimensions" : "WZ001",
			"brandGoodDescription" : "",
			"customCode" : "4",
			"materialBrandGoodId" : "3FO4LRUBKSK9",
			"materialProductNumber" : "",
			"materialBrandGoodCode" : "MQB04",
			"materialName" : "爱伽-JZX16124白橡",
			"materialCustomCode" : "",
			"quotationUnit" : "米",
			"quantity" : "1.0",
			"unitPrice" : "518.0",
			"unitCost" : "0.0",
			"nonStandardCoef" : "1.0",
			"additionalFee" : "354.0",
			"price" : "872.0",
			"quotationRate" : 1.0,
			"hided" : true,
			"billOutput" : true,
			"obsAccountId" : "3FO4K6DRN1JP",
			"roomId" : "41",
			"combId" : "",
			"absPosition" : {
				"x" : -983.4761,
				"y" : 1923.28,
				"z" : 1200.0
			},
			"absRotation" : {
				"x" : 0.0,
				"y" : -0.0,
				"z" : 0.0
			},
			"surfaceId" : 0
		}, {
			"id" : "3-1-1",
			"name" : "顶板",
			"parentId" : "3-1",
			"topId" : "3",
			"obsBrandGoodId" : "3FO4LPTNQMIS",
			"productNumber" : "",
			"brandGoodCode" : "",
			"brandGoodName" : "横纹横板",
			"description" : null,
			"prodCatId" : 713,
			"size" : {
				"x" : 564.0,
				"y" : 83.0,
				"z" : 18.0
			},
			"dimensions" : "",
			"brandGoodDescription" : "",
			"customCode" : "",
			"materialBrandGoodId" : "3FO4LRUBKSK9",
			"materialProductNumber" : "",
			"materialBrandGoodCode" : "MQB04",
			"materialName" : "爱伽-JZX16124白橡",
			"materialCustomCode" : "",
			"quotationUnit" : "个",
			"quantity" : "0.05",
			"unitPrice" : "0.0",
			"unitCost" : "0.0",
			"nonStandardCoef" : "1.0",
			"additionalFee" : "0.0",
			"price" : "0.0",
			"quotationRate" : 1.0,
			"hided" : false,
			"billOutput" : true,
			"obsAccountId" : "3FO4K6DRN1JP",
			"roomId" : "41",
			"combId" : "",
			"absPosition" : {
				"x" : -965.4761,
				"y" : 1876.28,
				"z" : 1982.0
			},
			"absRotation" : {
				"x" : 0.0,
				"y" : -0.0,
				"z" : 0.0
			},
			"surfaceId" : 0
		}, {
			"id" : "3-1-2",
			"name" : "上层板",
			"parentId" : "3-1",
			"topId" : "3",
			"obsBrandGoodId" : "3FO4LPTNQMIS",
			"productNumber" : "",
			"brandGoodCode" : "",
			"brandGoodName" : "横纹横板",
			"description" : null,
			"prodCatId" : 713,
			"size" : {
				"x" : 564.0,
				"y" : 65.0,
				"z" : 18.0
			},
			"dimensions" : "",
			"brandGoodDescription" : "",
			"customCode" : "",
			"materialBrandGoodId" : "3FO4LRUBKSK9",
			"materialProductNumber" : "",
			"materialBrandGoodCode" : "MQB04",
			"materialName" : "爱伽-JZX16124白橡",
			"materialCustomCode" : "",
			"quotationUnit" : "个",
			"quantity" : "0.04",
			"unitPrice" : "0.0",
			"unitCost" : "0.0",
			"nonStandardCoef" : "1.0",
			"additionalFee" : "0.0",
			"price" : "0.0",
			"quotationRate" : 1.0,
			"hided" : false,
			"billOutput" : true,
			"obsAccountId" : "3FO4K6DRN1JP",
			"roomId" : "41",
			"combId" : "",
			"absPosition" : {
				"x" : -965.4761,
				"y" : 1923.28,
				"z" : 1899.0
			},
			"absRotation" : {
				"x" : 0.0,
				"y" : -0.0,
				"z" : 0.0
			},
			"surfaceId" : 0
		}, {
			"id" : "3-1-3",
			"name" : "挡板",
			"parentId" : "3-1",
			"topId" : "3",
			"obsBrandGoodId" : "3FO4LPTNQMIS",
			"productNumber" : "",
			"brandGoodCode" : "",
			"brandGoodName" : "横纹横板",
			"description" : null,
			"prodCatId" : 713,
			"size" : {
				"x" : 564.0,
				"y" : 65.0,
				"z" : 18.0
			},
			"dimensions" : "",
			"brandGoodDescription" : "",
			"customCode" : "",
			"materialBrandGoodId" : "3FO4LRUBKSK9",
			"materialProductNumber" : "",
			"materialBrandGoodCode" : "MQB04",
			"materialName" : "爱伽-JZX16124白橡",
			"materialCustomCode" : "",
			"quotationUnit" : "个",
			"quantity" : "0.04",
			"unitPrice" : "0.0",
			"unitCost" : "0.0",
			"nonStandardCoef" : "1.0",
			"additionalFee" : "0.0",
			"price" : "0.0",
			"quotationRate" : 1.0,
			"hided" : false,
			"billOutput" : true,
			"obsAccountId" : "3FO4K6DRN1JP",
			"roomId" : "41",
			"combId" : "",
			"absPosition" : {
				"x" : -965.4761,
				"y" : 1876.28,
				"z" : 1982.0
			},
			"absRotation" : {
				"x" : 1.5707964,
				"y" : -0.0,
				"z" : 0.0
			},
			"surfaceId" : 0
		}, {
			"id" : "3-1-4",
			"name" : "底板",
			"parentId" : "3-1",
			"topId" : "3",
			"obsBrandGoodId" : "3FO4LPTNQMIS",
			"productNumber" : "",
			"brandGoodCode" : "",
			"brandGoodName" : "横纹横板",
			"description" : null,
			"prodCatId" : 713,
			"size" : {
				"x" : 564.0,
				"y" : 130.0,
				"z" : 18.0
			},
			"dimensions" : "",
			"brandGoodDescription" : "",
			"customCode" : "",
			"materialBrandGoodId" : "3FO4LRUBKSK9",
			"materialProductNumber" : "",
			"materialBrandGoodCode" : "MQB04",
			"materialName" : "爱伽-JZX16124白橡",
			"materialCustomCode" : "",
			"quotationUnit" : "个",
			"quantity" : "0.07",
			"unitPrice" : "0.0",
			"unitCost" : "0.0",
			"nonStandardCoef" : "1.0",
			"additionalFee" : "0.0",
			"price" : "0.0",
			"quotationRate" : 1.0,
			"hided" : false,
			"billOutput" : true,
			"obsAccountId" : "3FO4K6DRN1JP",
			"roomId" : "41",
			"combId" : "",
			"absPosition" : {
				"x" : -965.4761,
				"y" : 1923.28,
				"z" : 1200.0
			},
			"absRotation" : {
				"x" : 0.0,
				"y" : -0.0,
				"z" : 0.0
			},
			"surfaceId" : 0
		}, {
			"id" : "3-1-5",
			"name" : "层板",
			"parentId" : "3-1",
			"topId" : "3",
			"obsBrandGoodId" : "3FO4LPTNQMIS",
			"productNumber" : "",
			"brandGoodCode" : "",
			"brandGoodName" : "横纹横板",
			"description" : null,
			"prodCatId" : 713,
			"size" : {
				"x" : 564.0,
				"y" : 108.0,
				"z" : 18.0
			},
			"dimensions" : "",
			"brandGoodDescription" : "",
			"customCode" : "",
			"materialBrandGoodId" : "3FO4LRUBKSK9",
			"materialProductNumber" : "",
			"materialBrandGoodCode" : "MQB04",
			"materialName" : "爱伽-JZX16124白橡",
			"materialCustomCode" : "",
			"quotationUnit" : "个",
			"quantity" : "0.06",
			"unitPrice" : "0.0",
			"unitCost" : "0.0",
			"nonStandardCoef" : "1.0",
			"additionalFee" : "0.0",
			"price" : "0.0",
			"quotationRate" : 1.0,
			"hided" : false,
			"billOutput" : true,
			"obsAccountId" : "3FO4K6DRN1JP",
			"roomId" : "41",
			"combId" : "",
			"absPosition" : {
				"x" : -965.4761,
				"y" : 1903.28,
				"z" : 1460.6666
			},
			"absRotation" : {
				"x" : 0.0,
				"y" : -0.0,
				"z" : 0.0
			},
			"surfaceId" : 0
		}, {
			"id" : "3-1-6",
			"name" : "层板",
			"parentId" : "3-1",
			"topId" : "3",
			"obsBrandGoodId" : "3FO4LPTNQMIS",
			"productNumber" : "",
			"brandGoodCode" : "",
			"brandGoodName" : "横纹横板",
			"description" : null,
			"prodCatId" : 713,
			"size" : {
				"x" : 564.0,
				"y" : 108.0,
				"z" : 18.0
			},
			"dimensions" : "",
			"brandGoodDescription" : "",
			"customCode" : "",
			"materialBrandGoodId" : "3FO4LRUBKSK9",
			"materialProductNumber" : "",
			"materialBrandGoodCode" : "MQB04",
			"materialName" : "爱伽-JZX16124白橡",
			"materialCustomCode" : "",
			"quotationUnit" : "个",
			"quantity" : "0.06",
			"unitPrice" : "0.0",
			"unitCost" : "0.0",
			"nonStandardCoef" : "1.0",
			"additionalFee" : "0.0",
			"price" : "0.0",
			"quotationRate" : 1.0,
			"hided" : false,
			"billOutput" : true,
			"obsAccountId" : "3FO4K6DRN1JP",
			"roomId" : "41",
			"combId" : "",
			"absPosition" : {
				"x" : -965.4761,
				"y" : 1903.28,
				"z" : 1721.3333
			},
			"absRotation" : {
				"x" : 0.0,
				"y" : -0.0,
				"z" : 0.0
			},
			"surfaceId" : 0
		}, {
			"id" : "3-1-7",
			"name" : "背板",
			"parentId" : "3-1",
			"topId" : "3",
			"obsBrandGoodId" : "3FO4LPRVEN18",
			"productNumber" : "",
			"brandGoodCode" : "竖纹立板",
			"brandGoodName" : "竖纹立板",
			"description" : null,
			"prodCatId" : 713,
			"size" : {
				"x" : 681.0,
				"y" : 564.0,
				"z" : 18.0
			},
			"dimensions" : "",
			"brandGoodDescription" : "",
			"customCode" : "",
			"materialBrandGoodId" : "3FO4LRUBKSK9",
			"materialProductNumber" : "",
			"materialBrandGoodCode" : "MQB04",
			"materialName" : "爱伽-JZX16124白橡",
			"materialCustomCode" : "",
			"quotationUnit" : "个",
			"quantity" : "0.38",
			"unitPrice" : "0.0",
			"unitCost" : "0.0",
			"nonStandardCoef" : "1.0",
			"additionalFee" : "0.0",
			"price" : "0.0",
			"quotationRate" : 1.0,
			"hided" : false,
			"billOutput" : true,
			"obsAccountId" : "3FO4K6DRN1JP",
			"roomId" : "41",
			"combId" : "",
			"absPosition" : {
				"x" : -965.4761,
				"y" : 1921.28,
				"z" : 1218.0
			},
			"absRotation" : {
				"x" : 0.0,
				"y" : -0.0,
				"z" : 0.0
			},
			"surfaceId" : 0
		}, {
			"id" : "3-1-8",
			"name" : "左侧板",
			"parentId" : "3-1",
			"topId" : "3",
			"obsBrandGoodId" : "3FO4LPTPX2GN",
			"productNumber" : "",
			"brandGoodCode" : "竖纹竖板",
			"brandGoodName" : "竖纹竖板",
			"description" : null,
			"prodCatId" : 713,
			"size" : {
				"x" : 800.0,
				"y" : 130.0,
				"z" : 18.0
			},
			"dimensions" : "",
			"brandGoodDescription" : "",
			"customCode" : "",
			"materialBrandGoodId" : "3FO4LRUBKSK9",
			"materialProductNumber" : "",
			"materialBrandGoodCode" : "MQB04",
			"materialName" : "爱伽-JZX16124白橡",
			"materialCustomCode" : "",
			"quotationUnit" : "个",
			"quantity" : "0.1",
			"unitPrice" : "0.0",
			"unitCost" : "0.0",
			"nonStandardCoef" : "1.0",
			"additionalFee" : "0.0",
			"price" : "0.0",
			"quotationRate" : 1.0,
			"hided" : false,
			"billOutput" : true,
			"obsAccountId" : "3FO4K6DRN1JP",
			"roomId" : "41",
			"combId" : "",
			"absPosition" : {
				"x" : -983.4761,
				"y" : 1923.28,
				"z" : 1200.0
			},
			"absRotation" : {
				"x" : 0.0,
				"y" : -0.0,
				"z" : 0.0
			},
			"surfaceId" : 0
		}, {
			"id" : "3-1-9",
			"name" : "右侧板",
			"parentId" : "3-1",
			"topId" : "3",
			"obsBrandGoodId" : "3FO4LPTPX2GN",
			"productNumber" : "",
			"brandGoodCode" : "竖纹竖板",
			"brandGoodName" : "竖纹竖板",
			"description" : null,
			"prodCatId" : 713,
			"size" : {
				"x" : 800.0,
				"y" : 130.0,
				"z" : 18.0
			},
			"dimensions" : "",
			"brandGoodDescription" : "",
			"customCode" : "",
			"materialBrandGoodId" : "3FO4LRUBKSK9",
			"materialProductNumber" : "",
			"materialBrandGoodCode" : "MQB04",
			"materialName" : "爱伽-JZX16124白橡",
			"materialCustomCode" : "",
			"quotationUnit" : "个",
			"quantity" : "0.1",
			"unitPrice" : "0.0",
			"unitCost" : "0.0",
			"nonStandardCoef" : "1.0",
			"additionalFee" : "0.0",
			"price" : "0.0",
			"quotationRate" : 1.0,
			"hided" : false,
			"billOutput" : true,
			"obsAccountId" : "3FO4K6DRN1JP",
			"roomId" : "41",
			"combId" : "",
			"absPosition" : {
				"x" : -401.47607,
				"y" : 1923.28,
				"z" : 1200.0
			},
			"absRotation" : {
				"x" : 0.0,
				"y" : -0.0,
				"z" : 0.0
			},
			"surfaceId" : 0
		}, {
			"id" : "3-2",
			"name" : "智能镜门",
			"parentId" : "3",
			"topId" : "3",
			"obsBrandGoodId" : "3FO4L62BCE5D",
			"productNumber" : "",
			"brandGoodCode" : "防雾镜门",
			"brandGoodName" : "防雾镜门",
			"description" : null,
			"prodCatId" : 498,
			"size" : {
				"x" : 600.0,
				"y" : 800.0,
				"z" : 21.0
			},
			"dimensions" : "",
			"brandGoodDescription" : "",
			"customCode" : null,
			"materialBrandGoodId" : "3FO4LRTXG75S",
			"materialProductNumber" : "",
			"materialBrandGoodCode" : "UV02",
			"materialName" : "公用-橡胶木皮清漆色",
			"materialCustomCode" : "",
			"quotationUnit" : "平米",
			"quantity" : "0.0126",
			"unitPrice" : "2073.0",
			"unitCost" : "0.0",
			"nonStandardCoef" : "1.0",
			"additionalFee" : "0.0",
			"price" : "26.1198",
			"quotationRate" : 1.0,
			"hided" : true,
			"billOutput" : true,
			"obsAccountId" : "3FO4K6DRN1JP",
			"roomId" : "41",
			"combId" : "",
			"absPosition" : {
				"x" : -983.4761,
				"y" : 1793.28,
				"z" : 1200.0
			},
			"absRotation" : {
				"x" : 0.0,
				"y" : -0.0,
				"z" : 0.0
			},
			"surfaceId" : 0
		}
	],
	combinations : null,
	rooms : null,
	orderInfo : {
		associatedSchema : null,
		statusId : "",
		obsDesignerUserId : "",
		quotationModeName : ""
	},
	accountInfo : {
		accountName : "",
		accountLogo : ""
	},
	surfaces : null,
	auditDesignOrders : null
}
