{
	padcustgoodsapi_getpropitem: {

		//属性明细
		"propitem": [{
				"fpropertyid": 94, //属性ID
				"fsno": 5, //属性值序号
				"fprotype": "2", //属性类型
				"fpropertycode": "NB005", //属性代号
				"fcode": "1", //属性值代号
				"fdesc": "一等类", //属性值描述
				"fcodeid": 1, //属性值ID
				"fsimplepicimg": null, //属性简图
				"fsimplepicfile": "E:\DCWebCRM\Soonfor.CRM.Web\Attachment\file\20151027\20151027104425_2343\销售订单需求分析.docx" //图片
			} ////多项
		]
	},

	padcustgoodsapi_getgoodsprop: {
		//属性主表
		"propmst": [{
				"fpropertyid": 90, //属性ID
				"fpropertycode": "NB001", //属性代号
				"fpropertyname": "长度定制", //属性名称
				"fquickquery": "", //速查码
				"fprotype": "3", //属性类型,1-颜色材质属性，2-自定义属性,3-数字型
				"fsno": 1, //排列顺序
				"fcodegettype": "1", //编码获取方式,1-产品颜色，2-油漆颜色，3-皮料颜色，4-布料颜色，5-木板颜色，6-五金颜色，7-玻璃颜色，8-塑料颜色,9-材质；A-长度;B-宽度;C-高度;D-直径
				"fjoinfiletype": "A", //关联资料类型
				"fifrmqltclr": "0", //是否产品材质颜色
				"fpropertynname": "长度定制", //属性简称
				"fsectioncode": "", //部位属性代号
				"fifupdateqltclr": "0", //依据此属性更新产品的颜色或材质
				"fordmethod": "1", //下单选取方式
				"fremark": "", //备注
				"fifuse": "1", //是否启用
				"fcflag": "1", //审核状态
				"fitemcount": 3, //属性值数量
				"fdefval": "670", //默认值
				"fdefvaldesc": "", //默认值描述
				"fifnumrange": "1", //是否数字范围
				"fifbuildinpropvalue": "1", //属性值是否内定
				"fhasprtitem": "0" //未用
			} ////多项
		],
		//属性明细
		"propitem": [{
				"fpropertyid": 94, //属性ID
				"fsno": 5, //属性值序号
				"fprotype": "2", //属性类型
				"fpropertycode": "NB005", //属性代号
				"fcode": "1", //属性值代号
				"fdesc": "一等类", //属性值描述
				"fcodeid": 1, //属性值ID
				"fsimplepicimg": null, //属性简图
				"fsimplepicfile": "" //图片
			} ////多项
		],
		//联动主表
		"linkmst": [{
				"flinkid": 13, //联动细表ID
				"fpropertyid": 93, //属性ID
				"fpropertycode": "NB004", //属性代号
				"flkprocode": "NB005", //联动属性代号
				"fremark": "", //备注
				"fifprohibit": "0", //是否禁用
				"fifforcedef": "1" //是否强制默认
			} ////多项
		],
		//联动明细表
		"linkitem": [{
				"fvaluelinkid": 5103, //联动属性值细表ID
				"fpropertyid": 93, //属性ID
				"fpropertycode": "NB004", //属性代号
				"fcode": "DS8001", //属性值
				"flkprocode": "NB005", //联动属性代号
				"flkcode": "1", //联动属性值
				"fremark": null, //备注
				"fifprohibit": "0", //是否禁用
				"flkcodedesc": "一等类", //联动属性值描述
				"fifforcedef": "1" //是否强制默认
			} ////多项
		],
		//定制方案ID
		"fschemeid": 203 //定制方案ID
	}


}
